chapter,index,word,definition
1,1,vulnerable,"a.상처입기쉬운,공격받기쉬운;취약한;(유혹에)넘어가기쉬운"
1,2,depend
1,3,mandatory,"a.강제의,의무의,필수의 ;n.수임자,위임 통치국"
1,4,ambiguous,"a.모호한,분명하지 않은"
1,5,susceptible,"a.(영향을)받기쉬운,감염되기쉬운,감수성이강한,민감한"
1,6,obsolete,"a.시대(유행)에 뒤떨어진,구식의"
1,7,tangible,"a.만져알수있는,유형의,실체가있는,(사실.근거등이)명백한,확실한"
1,8,lucrative,"a.이익이있는,수지맞는,유리한"
1,9,obscure,"a.분명치않은,불명료한,모호한"
1,10,dispose,"vt.(군대.함대를)배치하다,배열하다;vi.처리하다,처분하다"
1,11,precarious,"a.불확실한,운에맡기는,위험한"
1,12,alleviate,"vt.(고통을)완화시키다,경감하다,편하게하다"
1,13,capricious,"a.변덕스러운,마음이변하기쉬운"
1,14,hinder,"vt.방해하다,저지하다"
1,15,dormant,"a.휴먼상태의,잠자는(것같은)"
1,16,exhaust
1,17,substantial,"a.실질적인,실속있는,중요한"
1,18,affect,"vt.~에영향을 미치다,작용하다,(질병등)~을해치다,덮치다.~인체하다"
1,19,scrutinize,"v.세밀히조사하다,철저히검사하다"
1,20,thrive,"vi.번영하다,번성하다"
1,21,candid,"a.솔찍한,숨김없는,꺼리낌없는,공정한,공평한,편견없는"
1,22,futile,a.(행동등이)효과없는;무익한
1,23,discrimination,"n.구별,식별,차별,차별대우"
1,24,negligible
1,25,inadvertently,"Ad.아무생각없이,무심코,우연히"
2,26,alter,"vt.바꾸다,고치다;vi.변화다,바뀌다"
2,27,meticulous,"a.세심한,꼼꼼한,신중한"
2,28,scrupulous
2,29,versatile,"a.다재다능한,만능의,다용도의"
2,30,account,"vt.(이유를)설명하다,밝히다 n.기술,서술,이야기,담화,기사"
2,31,exclusive
2,32,restrain,"vi.(감정.욕망등을)억제하다,누르다"
2,33,anonymous,"a.작자불명의,신원불명의,익명의,이름을 안밝히는"
2,34,hereditary,"a.유전성의,유전하는,유전적인"
2,35,unprecedented
2,36,impartial,"a.치우치지않은,편견이없는,공평한"
2,37,biased
2,38,irrelevant
2,39,homogeneous,"a.같은종류의것으로된,동종의,균질의"
2,40,insignificant
2,41,respect,"n.존경,경의,존중,중시,주의,관심,고려;vt.존경[공경]하다,고려[배려]하다"
2,42,abandon,"v.그만두다,단념하다,버리다,떠나다 n.방종,탐닉"
2,43,sustain
2,44,beneficial
2,45,alternative,"n.양자택일,대안;a.양자택일인,선택적인;대신하는"
2,46,tenacious,"a.(의견등을)고집하는,고집이센,집요한"
2,47,eradicate,"vt.뿌리째뽑다,박멸하다,근절하다"
2,48,detrimental
2,49,dominate,"vt.지배하다,위압하다"
2,50,surpass
3,51,term,"n.말,술어,용어,전문어"
3,52,initiative
3,53,gregarious,"a.(사람이)사교적인,집단을좋아하는"
3,54,feasible,"a.실행할수있는,가능한"
3,55,variety,"n.변화,다양성"
3,56,effect,"n.결과,효과,영향,효력;vt.(변화등)초래하다,(목적계획등)이루다"
3,57,ban,"vt.금지하다;n.금지,파문,추방"
3,58,disparity,"n.서로다름,상이,부등,불균형,불일치"
3,59,diversity,"n.다양성,차이점"
3,60,inevitable,"a.피할수없는,면하기어려운,부득이한"
3,61,indigenous,"a.토착의,지역고유의,원산의"
3,62,innate,"a.(성질등을)타고난,천부의,선천적인"
3,63,chronic,"a.상습적인,오래끄는,고질적인,만성적인,(병이)만성인,지병이있는;n.만성병 환자"
3,64,eliminate,"vt.~을제외하다,무시하다,제거하다,삭제하다,탈락시키다."
3,65,reiterate,"vt.(행위.말.요구를)되풀이하다,반복하다"
3,66,intrepid,"a.용맹한,대담한,무서움을모르는"
3,67,intimidate,"vt.협학하다,겁주다"
3,68,innocuous,"a.해가없는,독이없는"
3,69,altruistic,a.이타적인
3,70,indifferent,"a.무관심한,냉담한,개의치않는"
3,71,inquisitive,"a.탐구적인,알고싶어하는,호기심이강한,꼬치꼬치캐묻기좋아하는"
3,72,superficial,"a.(상처가)얕은,천박한"
3,73,equivocal,a.두가지뜻으로해석되는(뜻이)뚜렷하지않은
3,74,opposite,"a.마주보고있는,반대편의,맞은편의"
3,75,arbitrary
4,76,fluctuate
4,77,precipitate,"vt.마구재촉하다,촉진시키다."
4,78,temporary
4,79,ephemeral,"a.순식간의,덧없는,일시적인,하루살이목숨의"
4,80,transient
4,81,permanent
4,82,persistent
4,83,determinedly
4,84,deviate,"vi.(진로.원칙 따위에서)벗어나다,일탈하다;vt.빛나가게하다,벗어나게하다"
4,85,unpredictable
4,86,compromise,"n.타협,양보,화해;vt.타협시키다,화해시키다,(명성등)더럽히다,;vi.타협하다"
4,87,incompatible
4,88,endorse,"vt.보증하다,시언하다,(어음증권등에)배서[이서]하다."
4,89,liability,"n.부채,채무,빛"
4,90,comply
4,91,apathetic,"a.무감각한,냉담한,관심이 없는"
4,92,lenient,"a.너그러운,인자한,다정한,관대한"
4,93,pertinent,"a.적절한,딱 들어맞는;관련된,~에속하는"
4,94,complacent,"a.마음에흡족한,자기만족의,무관심한"
4,95,discretion
4,96,distinguished
4,97,formidable,"a.가공할,무서운,겁나는"
4,98,potent,"a.강력한,유력한,힘센,영향력이있는"
4,99,integral
4,100,disintegration
5,101,impede,"vt.늦추다,방해하다,저해하다"
5,102,deter,"vt.방해하다,그만두게하다,단념시키다,제지하다"
5,103,irritate,"vt.화나게하다,짜증나게하다"
5,104,nervous,"a.신경질적인,신경과민인,초조한"
5,105,contentious,"a.다투기 좋아하는,논쟁하기 좋아하는"
5,106,reservation
5,107,available
5,108,ubiquitous,"a.(동시에)도처에존재하는,편재하는"
5,109,enigma,"n.수수께끼,불가사의한것"
5,110,ambivalent
5,111,emit
5,112,erode,"vt.부식하다,좀먹다,침식하다,점점줄어들다"
5,113,deteriorate,"vt.(질을)나쁘게하다,악화시키다. ; vi.나빠지다,악화하다,타락하다"
5,114,aggravate,"vt.악화시키다,괴롭히다,화나게하다"
5,115,confine,"vt.~을 한정하다,제한(국한)하다,~을가두다,구금(감금)하다"
5,116,urgent
5,117,curtail,"vt.짧게 줄이다.단축하다,생략하다"
5,118,reduce
5,119,dwindle,v.줄(이)다;차츰작아지다;감소되다(시키다)
5,120,decline,"v.(정중히)거절하다,사절하다;n.내리받이,쇠퇴,퇴보,타락,하락"
5,121,deficiency,"n.부족,결핍,부족분,결손,적자"
5,122,increment,"n.증가,증대,증가량,증액"
5,123,fertile,"a.(토지가)기름진,비옥한,다산의"
5,124,abundant,"a.풍부한,많은;(자원등이)풍족한"
5,125,redundant,"a.여분의,과다한,풍부한,남아도는"
6,126,ostentatious
6,127,fallacious,"a.그릇된,허위의,논리적오류가있는"
6,128,gullible,"a.잘속는,속기쉬운"
6,129,oblivious,a.(무엇에몰두하여)알아채지못하는
6,130,notorious,"a.(나쁜의미로)유명한,악명높은"
6,131,repel
6,132,dismiss,"vt.해고[면직]하다,내쫒다,(생각등을깨끗이)지우다,잊어버리다"
6,133,charge
6,134,reluctant,"a.마음내키지않는,마지못해하는"
6,135,abuse,"vt.모욕하다,욕하다,~을 악용하다,남용하다;확대하다,(건강등)해치다.n.악용,남용"
6,136,restricted
6,137,suppress,"vt.(폭동등을)억압[진압]하다,[책등을]발매금지하다"
6,138,compulsory
6,139,obligatory,"a.의무로서 지워지는,의무적인,(학과따위가)필수의"
6,140,apprehend
6,141,attribute,"n.속성,특질;vt.원인을~에돌리다,~의탓으로하다"
6,142,immune,"a.(전염병등의)면역성의(from),(과세등으로부터)면제된"
6,143,relinquish,"vt.(계획습관등을)그만두다,버리다,(소유물,권리등을)포기하다,양도하다"
6,144,extinct,"a.(생물제도등이)멸종된,소멸된"
6,145,inactive,"a.활동하지않는,움직이지않는,휴지의"
6,146,improvise
6,147,specific,"a.(목적.설명등)명확한,구체적인,특정한"
6,148,compose
6,149,settle,"v.(움직이지않도록)놓다,설치하다,(사람을)정주시키다,살게하다,해결하다"
6,150,sedentary
7,151,exceed,"vt.(한도를)넘다,초과하다"
7,152,eligible,"a.적격의,적임의;바람직한,적합한;n.적임자,적격자,유자격자"
7,153,conspicuous,"a.두드러진,뛰어난,눈에잘뛰는,저명한,현저한"
7,154,mundane,"a.현세의,세속적인"
7,155,affable,"a.사귀기쉬운;상냥한,부드러운"
7,156,implement,"vt.(약속계약계획등을)이행[실행]하다;n.도구,용구,기구"
7,157,bolster,"vt.보강하다,지지하다;n.덧배게,기계따위의완충용받이,받침대"
7,158,concern
7,159,defer
7,160,confirm
7,161,gratify
7,162,flatter,"v.아첨하다,알랑거리다,추켜세우다"
7,163,audacious,"a.대담한,겁이없는"
7,164,chronological
7,165,plight,"n.곤경,궁지(어려운)상태"
7,166,disseminate,vt.(씨를)흩뿌리다;(주장의견을)퍼뜨리다
7,167,yield
7,168,proliferate
7,169,prevalent,"a.일반적으로 행하여지는,유행하는"
7,170,affluent,"a.풍부한,유복한"
7,171,wane,"vi.적어지다,약해지다,쇠약해지다"
7,172,impair,"vt.(가치,힘,건강등을)약화시키다,해치다"
7,173,languid,"a.나른한,축늘어진,활기가없는"
7,174,frugal,"a.절약하는,간소한,소박한;검소한"
7,175,austere,"a.꾸미지않은,검소한,엄한,엄격한,엄숙한,간결한,금욕적인"
8,176,annoy
8,177,outrage
8,178,furious,"a.성내어 날뛰는,격노한"
8,179,mitigate
8,180,placate,"vt.(사람을)달래다,위로하다,진정시키다"
8,181,defiant,"a.반항적인,도전적인,시비조의"
8,182,subversive
8,183,reverse,"n.역,반대,뒤,배후,불운,실패,후진"
8,184,catastrophe,"n.큰재해,대참사"
8,185,controversial
8,186,avert,"vt.(위험 타격등을)피하다,막다;(눈.생각등을)돌리다,비키다"
8,187,elude,"vt.교묘히 피하다~을 면하다;회피하다,생각나지않다"
8,188,prevent
8,189,hamper,"vt.방해하다,훼방놓다,제한[구속]하다"
8,190,curb
8,191,conservative
8,192,conventional,"a.관습적인,인습에사로잡힌,전통적인,틀에박힌,형식적인,상투적인"
8,193,immutable
8,194,unanimous,a.만장[전원]일치의
8,195,acquiesce,"vi.잠자코따르다,묵인하다"
8,196,perpetual
8,197,fragile,"a.부서지기쉬운,무른,허약한,연약한,덧없는"
8,198,indelible,"a.지울수없는,잊혀지지않는"
8,199,mobile
8,200,collaborate,"vt.공동으로일하다,합작하다,제휴하다,(점령군.적국에)협력하다,부역하다"
9,201,emulate,"vt.~을흉내내다,모방하다"
9,202,analogous,"a.유사한,닮은,비슷한"
9,203,identical
9,204,prone
9,205,infer,"vt.추론하다,추단하다,추측하다"
9,206,commitment
9,207,contribute,"v.(돈등을)기부하다,주다,기여하다,공헌하다"
9,208,competent,"a.유능한,능력(자격)이있는,요구를충족시키는,충분한"
9,209,passionate
9,210,esteem
9,211,trivial,"a.하찮은,사소한"
9,212,viable,"a.(계획등이)실행가능한,실용적인"
9,213,devastate,"vt.유린하다,황폐시키다,압도하다"
9,214,contempt,"n.경멸,멸시,모욕"
9,215,deceptive,"a.속이는,현혹시키는,믿을수 없는"
9,216,concentrate,"vt(정신등을)집중하다,(물건등을)모으다,집중시키다,군대를집결시키다"
9,217,dexterity
9,218,impromptu,"a.즉석에서의,즉흥적인,임시변통의"
9,219,spontaneous,"a.자연히일어나는,무의식적인,충동적인,자발적인,임의의"
9,220,cautious
9,221,wary
9,222,sensible
9,223,sensitive,"a.감수성이 예민한,섬세한,민감한"
9,224,prudent,"a.조심성있는,신중한,사려깊은,분별있는"
9,225,intent,"n.의도,의향,목적,계획,의미,취지,;a.집중된,열심인"
10,226,scanty
10,227,parsimony,"n.지나친,절약,인색"
10,228,pervasive,"a.널리 퍼지는,보급력있는"
10,229,flourish,"vi(장사.사업등이)번창하다,융성하다"
10,230,prolific,"a.다산의,열매를 많이맺는,비옥한"
10,231,legitimate,"a.합법적인,적법의,정당한"
10,232,adapt,"vt.~을적응시키다,적합하게하다,개작(각색,번안)하다;vi.적응하다,순응하다"
10,233,adept,"n.숙련자,노련가"
10,234,adequate
10,235,equivalent,"a.동등한,같은가치의,같은뜻의;n.등가물,상당어구,동의어"
10,236,capacity,"n.(심신의)능력,정신능력,포용력,수용력,도량,(건물따위의)수용인원,정원,용량"
10,237,invaluable,"a.값을 헤아릴수 없는,매우귀중한"
10,238,valid
10,239,appreciate,"vt.사물을바르게평가하다,가치를인정하다"
10,240,inspiration,"n.자극,고취,고무,격려"
10,241,fledgling
10,242,rudimentary,"a.원리의,기본의,기초의"
10,243,volatile
10,244,unstable
10,245,jeopardy,"n. 위험,위난;(피고가유죄가될)가능성"
10,246,undermine
10,247,immortal,"a.죽지않는,불멸의,불변의,신의"
10,248,lethal,"a.치명적인,죽음에이르는,치사의"
10,249,dire
10,250,exterminate,"v.(종족,질병해충따위를)멸종시키다,박멸하다"
11,251,imminent,"a.(위험사태등이)임박한,촉박한"
11,252,occur
11,253,breakthrough
11,254,indispensable
11,255,crucial,"a.결정적인,중대한,(시련.문제등이)어려운,혹독한,십자형의"
11,256,promote,"vt.증진[촉진]하다,진척시키다."
11,257,exploit
11,258,auspicious,"a.길조의,상서로운,전도가밝은"
11,259,proceed,"vi.나아가다,가다,속행하다,계속하다"
11,260,accessible,"a.접근하기쉬운,닿을수있는"
11,261,comprehensive,"a.포괄적인,종합적인,넓은,광범위한,이해력이있는,이해가빠른"
11,262,plausible,"a.(말,진술등이)그럴듯한,정말같은"
11,263,down-to-earth
11,264,resolution
11,265,prescription,"n.처방[전],처방약"
11,266,erudite
11,267,elucidate,"v.(사실등을)명료하게하다,밝히다,해명하다,설명하다"
11,268,pretend,"v.가장하다,~인체하다,사칭하다"
11,269,assume
11,270,imitate
11,271,abstruse,"a.난해한,심오한"
11,272,nebulous,"a.희미한,불투명한,모호한,막연한"
11,273,discernible,a.인식[식별]할수 있는
11,274,blurred
11,275,furtive,"a.몰래하는,남의눈을속이는,은밀한"
12,276,consume
12,277,insatiable,"a.만족할줄모르는,탐욕스러운"
12,278,obesity
12,279,obedient
12,280,antidote,"n.해독제,(악영향등의)방어수단,대책,컴퓨터 바이러스예방프로그램"
12,281,emerge,"vt.(물,어둠속에서)나오다,나타나다"
12,282,merge,"v.병합[합병,통합]하다,융합하다(시키다)"
12,283,segregate,v.격리하다[시키다]
12,284,differentiate,"v.구별짓다,차별하다"
12,285,narrow
12,286,coerce,"vt.강제하다,위압하다,강요하다"
12,287,obstinate,"a.완고한,고집센,완강한,다루기힘든"
12,288,rebellious,"a.반항하는,반체제의,반란하는"
12,289,retaliate,"v.(같은방법으로)보복하다,앙갚음하다"
12,290,turmoil,"n.소란,소동,혼란"
12,291,reconcile,"vt.화해시키다,융화시키다,조화시키다"
12,292,dismay,"vt.실망[낙담]시키다,당황케하다 n.당황"
12,293,exacerbate
12,294,confused
12,295,contrast
12,296,appease,"vt.달래다,진정시키다"
12,297,tranquility,"n.평온,고요함,정적"
12,298,taciturn
12,299,divulge,"vt.(비밀따위를)누설[폭로]하다,밝히다"
12,300,disregard,"vt.무시[경사]하다,소흘히하다,;n.무시,경시"
13,301,absurd,"a.어리석은,우스꽝스러운,불합리한,모순된,부조리한;n.부조리"
13,302,mean
13,303,reliable
13,304,responsible
13,305,assiduous,"a.부지런한,근면한,지칠줄모르는,끊임없는,계속하는"
13,306,impeccable,"a.죄(과실)없는,결점없는,나무랄데없는"
13,307,accuse,"v.고발[기소,고소]하다,비난하다,책망하다"
13,308,culprit,"n.범인,죄인,범죄용의자,(문제나나쁜상황의)원인,미결수"
13,309,accomplice,"n.공범자,한패,한통속"
13,310,intrigue,"vt.당혹케하다,어찌할바를모르게하다,호기심을자극하다,흥미를돋구다,n.음모"
13,311,simultaneously,"Ad.동시에,일제히"
13,312,concurrent
13,313,coincide,"vt.동시에일어나다,(의견따위)일치하다,(성질따위)맞다,부합하다"
13,314,accidental,"a.우연의,뜻밖의"
13,315,continually,"Ad.계속적으로,끊임없이,줄곧,빈번히,자주"
13,316,acquit,"vt.무죄라고하다,(혐의를)벗겨주다,석방하다"
13,317,emancipate,"vt.(노예등을)해방하다,석방하다,(나쁜버릇등을)끊다"
13,318,counterfeit,"a.위조의,가짜의모조의,사이비의;n.위조물건;모조품;vt.모조하다,흉내내다"
13,319,forge,"vt.위조하다,(어렵게)만들어내다"
13,320,spurious
13,321,conceal,"vt,숨기다,비밀로하다"
13,322,trickery
13,323,pretentious
13,324,deprivation
13,325,delinquent,"n.(직무)태만자,a.비행을저지른,비행자의"
14,326,attract
14,327,entice,vt.꾀어서~시키다;부추기다;유혹하다
14,328,arduous,"a.(일이)힘드는,곤란한,분투적인,끈기있는,불굴의,험한,가파른"
14,329,stringent,"a.(규칙등이)엄중한,엄격한"
14,330,strict
14,331,hostile,"a.적의있는,적대하는,적의,적국의"
14,332,conflict,"vi.대립하다,충돌하다,싸우다,다투다,;n.싸움,전투,충돌"
14,333,refute,"vt.논박하다,반박하다"
14,334,disprove
14,335,subject
14,336,allege,"vt.(증거없이)주장하다,우겨대다,(변명으로)내세우다,(법정에서)증언하다"
14,337,compelling
14,338,coherent,"a,(이야기등이)일관성있는,조리가선,일치하는,알기쉬운,응집성의"
14,339,congruous,"a.일치하는,조화하는,적절한,적당한"
14,340,disrupt,vt.(제도국가등을)붕괴시키다;분열시키다
14,341,obvious
14,342,complicated
14,343,lucid
14,344,imperceptible
14,345,prescient
14,346,concede,"vt.(마지못해)인정하다,시인하다,승인하다,(권리.특권등을)부여하다 vi.양보하다"
14,347,conformity
14,348,comparison
14,349,accept,"vt(초대등)받아들이다,허락하다.(사태등)순응하다,감수하다,인정하다"
14,350,anticipate,"vt.기대하다,고대하다,얘기하다,예상하다;미리걱정하다,미연에방지하다;앞당기다"
15,351,loquacious,"a.수다스러운,말이많은"
15,352,tedious,"a.지루한,지겨운"
15,353,concise
15,354,diminish
15,355,deduct,"vt.빼다,공제하다,vi.(가치등이)떨어지다"
15,356,periphery,"n.<정치의)소수파,야당"
15,357,nominal
15,358,distraction,"n.기분전환,오락"
15,359,converge,"v.모으다,집중하다,(의견.행동등이)한데모아지다"
15,360,condense,"vt.요약하다,간략하게하다,농축하다,응축하다,집중시키다,모으다,줄어들다"
15,361,perfunctory,"a.마지못해하는,형식적인,기계적인"
15,362,frivolous,"a.천박한,경박한,경솔한"
15,363,impetuous,"a.(기질.행동등이)성급한,열렬한"
15,364,drastic,"a.격렬한,맹렬한,철저한,과감한,대폭적인,n.극약"
15,365,impending
15,366,fastidious,"a.까다로운,가리는,꼼꼼한"
15,367,adroit
15,368,vigilant,"a.경계하고있는,방심하지않는"
15,369,agile,"a.민첩한,기민한,재빠른,머리가좋은"
15,370,agitate,"vt.선동하다,동요시키다,(액체를)휘젓다"
15,371,genuine,"a.진짜의,진품의,성실한,진심의"
15,372,congenial,"a.(건강등에)알맞은;쾌적한,기분좋은,(성질.취미등이)같은,마음이맞는"
15,373,benign,"a.상냥한,친절한,자애로운,(기후.풍토가)좋은,온화한,(병등이)양성인"
15,374,inherent
15,375,extraneous,"a.비본질적인,(주제와)직접적인 관계가없는"
16,376,voluntarily
16,377,benevolent,"a.인자한,자비로운,인정많은,호의의"
16,378,destitute,"a.빈곤한,극빈의,궁핍한"
16,379,predicament,"n.곤경,궁지"
16,380,manage
16,381,adamant,"a.양보할줄 모르는,고집불통의 , 견고한,매우단단한 n.견고한것"
16,382,robust,"a.(체격이)강건한,건장한,튼튼한"
16,383,prodigious
16,384,considerable,"a.중요한,고려해야할,무시하지못할,적지않은,상당한,꽤많은"
16,385,extensive
16,386,desert,"n.사막,황야,불모지;a.사막같은,불모의;vt.버리다,유기하다,저버리다"
16,387,evacuate,"vt.(장소집등)비우다,명도하다,(위험지역에서)소개시키다,대피시키다."
16,388,inhabitant
16,389,inhibition,"n.금지,금제,억제,억압"
16,390,facilitate
16,391,expediency,"n.편법,편의주의"
16,392,isolate
16,393,proximity
16,394,contagious,"a.(접촉)전염성의;전염 독이있는,옮기쉬운,보균자의"
16,395,foundation
16,396,resentment,"n.분개,분노"
16,397,gloomy,"a.우울한,침울한,울적한,어두운,음침한,음울한,(성황.전망등)비관적인,암담한"
16,398,ominous,"a.불길한,나쁜징조의,기분나쁜"
16,399,eccentric,"a.(사람행동등이)별난,상궤를벗어난;n.기인,괴짜,별난것"
16,400,distort
17,401,disperse,"vt.흩뜨리다,퍼뜨리다,전파시키다"
17,402,permeate
17,403,inundate,"vt.(주로수동형)범람시키다,물에잠기게하다"
17,404,vanish,"vi.(갑자기)사라지다,없어지다,희미해지다"
17,405,recede
17,406,induce,"vt.권유하다,설득하여~시키다,일으키다,야기하다,유발하다"
17,407,abolish,"vt.(법률,제도등을)폐지하다"
17,408,supplant,"vt.(물건을)대체하다,(사물에)대신하다"
17,409,resume
17,410,resilience/cy
17,411,constant
17,412,fortuitous
17,413,autonomous,"a.자치권이 있는,자치의,자율의"
17,414,intermittent,"a.간헐적인,때때로의,단속적인"
17,415,staggering,"a.혼비백산케하는,압도[경이]적인"
17,416,cover
17,417,circumvent,"vt.(교묘하게)회피하다,남을속여넘기다,기만하다,~을돌다,~을우회하다"
17,418,refrain,"vt.그만두다,삼가다,자제하다"
17,419,menace,"v.위협하다,협박하다,겁주다;n.협박,위협,공갈"
17,420,impact,"n.영향(력),감화,효과"
17,421,punctuality
17,422,epitome
17,423,applaud
17,424,equal
17,425,similar
18,426,illiterate
18,427,retrospect,"vt.회고[회상]하다,추억에잠기다"
18,428,compound,"a.혼합의,합성의,복잡한;n.혼합물,합성물,vt.뒤섞다,혼합하다,타협짓다"
18,429,reciprocal
18,430,mutual
18,431,perishable
18,432,prevail,"vi.유행하다,보급되다,널리퍼지다,우세하다,압도하다,이기다"
18,433,profitable
18,434,lavish,"a.낭비벽이있는,사치스러운,무절제한,아끼지않은,후환,풍부한,넉넉한"
18,435,stingy
18,436,augment,v.증가시키다;증가하다
18,437,opulent,"a.부유한,풍부한,무성한"
18,438,copious,"a.풍부한,막대한,내용이풍부한"
18,439,distribute,"vt.분배하다,배당하다,배포하다"
18,440,deplete,"vt.다써버리다,고갈[소모]시키다"
18,441,despicable
18,442,humiliate,"vt.굴욕감을 느끼게하다,창피를주다"
18,443,mortify
18,444,stigma,"n.치욕,오명,오점"
18,445,acclaim,"vt.갈채하다,환호하다,찬양하다;큰소리로말하다,외치다"
18,446,acute,"a.(끝이)뾰족한,예리한,(감각이)예민한,(통증.감정이)격렬한,강렬한"
18,447,shrewd,"a.영리한,날카로운,빈틈없는,재빠른"
18,448,favorable
18,449,adverse,"a.반대하는,적의를 품은,반대인,반대쪽의,불리한,불운한"
18,450,ruthless
19,451,appalling
19,452,abhor
19,453,prowess,"n.훌륭한솜씨,용감,용맹,용감한행위"
19,454,undaunted
19,455,imperative,"a.피할수없는,필수적인,긴급한"
19,456,impregnable,"a.난공불락의,철벽의"
19,457,overwhelming
19,458,tenable
19,459,dismal,a.음침한(기분등이)우울한
19,460,alert
19,461,rampant,"a.(식물이)막연하는,무성한,우거진,(병.소문등이)유행하는,마구퍼지는"
19,462,intractable
19,463,belligerent,"a.호전적인,교전중인;교전국의,적국의,용감한n.교전국,전투원"
19,464,strenuous,"a.분투적인,불굴의,굽히지않는"
19,465,hazardous
19,466,colossal,"a.거대한,(수량등이)엄청난,<구어>놀라운,어마어마한"
19,467,impulsive
19,468,exuberant,"a.(활력.기쁨등이)넘쳐흐르는,충만한"
19,469,sanguine,"a.붉은,붉은핏빛의,혈색이좋은,명랑한,낙천적인"
19,470,exhilarating
19,471,nonchalant
19,472,skeptical,"a.의심많은,회의적인"
19,473,lethargic,"a.무기력한,활발하지못한,혼수의"
19,474,sluggish,"a.느린,완만한"
19,475,indolent,"a.게으른,무활동의;n.게으른사람"
20,476,acquire,"v.취득하다,습득하다,배우다,몸에익히다"
20,477,secure
20,478,secular,"a.이승의,속세의,현세의,비종교적인"
20,479,peculiar
20,480,retain,"vt.보유하다,유지하다,마음에간직하다,잊지않다"
20,481,prohibit
20,482,contract,"vi.수축하다,축소되다;vt.(~와)계약(약정)하다,(병)에걸리다;습관이붙다;n.계약 "
20,483,illegible
20,484,compensate,"vt.보상하다,배상하다,(결점등을)보완하다,상쇄하다"
20,485,afford,"v.주다,제공하다.~할 여유가있다"
20,486,trigger,"vt.(일을)시작하게하다,유발하다"
20,487,corollary
20,488,consequential
20,489,subsequent,"a.다음의,그후의,버금가는"
20,490,derivative
20,491,evade,"vt.(교묘하게)피하다,면하다,모면하다"
20,492,eschew
20,493,postpone
20,494,presume,"vt.가정하다,상상하다,~이라고 여기다"
20,495,impute,"vt.(죄원인등을)~의탓으로하다,전가하다,(성질,속성등을)~에게있다고 생각하다"
20,496,tamper,"vi.쓸데없는참견을하다,간섭하다,(원문의글귀등을)함부로변경하다,뇌물을주다"
20,497,convert
20,498,interrupt,"vt.중단시키다,방해하다,가로막다,저지하다"
20,499,encroach,"vt.(남의나라.땅을)침략하다,(남의권리등)침해하다"
20,500,impose
21,501,intact,"a.손대지않은,손상되자않은,완전한"
21,502,spot,"n.얼룩점,반점,(피부의)점;v.<구어>발견하다,불변[분간]하다"
21,503,tarnish,"vi.(광택등)흐려지다,더러워지다,vt.흐리게하다,녹슬게하다,변색시키다,더럽히다"
21,504,immaculate
21,505,squalid,"a.더러운,불결한,궁상스러운"
21,506,recurring,"a.되풀이해서일어나는,희귀하는"
21,507,sporadic(al)
21,508,endemic,"a.(동.식물이)그지방특산의,풍토성의;n.지방병,풍토병;(생물)고유증"
21,509,malicious
21,510,remedy
21,511,palpable
21,512,manifest,"vt.명백히하다,분명하게보여주다"
21,513,explicit,"a.명백한,분명한"
21,514,utter,"v.입밖에내다,누설하다,말하다"
21,515,luminous,"a.빛나는,번쩍이는,이해하기쉬운,명쾌한"
21,516,surreptitious,"a.비밀의,몰래하는,은밀한,무허가의,가짜의"
21,517,cryptic,"a.수수께끼 같은,신비스러운,숨은비밀의,이유를 알수없는"
21,518,unconscious
21,519,hypocrite
21,520,unwilling
21,521,minute,"a.미소한,미세한,상세한,정밀한"
21,522,meager
21,523,immediate
21,524,abruptly,"Ad.갑자기,불시에;뜻박에,급격하게"
21,525,succinct,"a.(말등이)간결한,간명한"
22,526,misdemeanor
22,527,plagiarism,"n.표절,도용,표절행위,표절물"
22,528,addict,"v.중독디다,탐닉하다 n.(마약등의)중동자,탐닉자"
22,529,abortion
22,530,infamous
22,531,arrogant,"a.거만한,오만한,젠체하는;건방진"
22,532,inordinate,"a.지나친,과도한;무절제한"
22,533,exorbitant
22,534,aberrant,"a.정도를벗어난,탈선적인,이상한형태의,변종의,n.돌연변이,괴짜,기인,변종"
22,535,idiosyncratic
22,536,protruding
22,537,eminent,"a.저명한,훌륭한;(지위.신분이)높은"
22,538,prominent
22,539,cerebrity
22,540,caliber,"n.(사람의)재능;도량,인품,(사물의)품질,등급,직경;(총포의)구경"
22,541,prior,"a.(시간.순서가)이전의,앞의"
22,542,posthumous,"a.사후의,사후에생긴"
22,543,descendant,"n.자손,후예"
22,544,vestige
22,545,substitute
22,546,classification,"n.분류(법),범주,유형"
22,547,embody
22,548,subsidiary
22,549,equitable
22,550,counterpart
23,551,propensity
23,552,prefer
23,553,familiarize
23,554,tolerate
23,555,impatient,"a.성급한,참을성없는,조바심하는,몹시~하고싶어하는"
23,556,carnivorous,"a.육식성의,육식동물의"
23,557,concoct,"vt.(음모등을)꾸미다,꾀하다,(이야기등을)꾸며내다,날조하다"
23,558,synthesis
23,559,complex,"a.복합의,복잡한,뒤얽힌 n.복합체,합성물,복합빌딩,콤플렉스,강박관념"
23,560,adulterate,"vt.불순하게하다,타락시키다,품질을떨어뜨리다,a.진짜가아닌,불순물을섞은"
23,561,sojourn,"vi.묶다,체류하다,일시 체재하다"
23,562,detain,"vt.(사람을)기다리게하다,붙들어두다"
23,563,roam
23,564,migrate
23,565,accommodate
23,566,ecology,"n.생태학,인간생태학"
23,567,arid,"a.마른,습기가없는,불모의,(사상등이)무미건조한,재미없는"
23,568,desolate,"a.황량한,황폐한,쓸쓸한,우울한,고독한"
23,569,dilapidated
23,570,discard,"vt.(불필요한습관.신념을)버리다,포기하다;n.포기,해고"
23,571,maturity,"n.성숙(기),원숙(기),완성(기)"
23,572,paternity
23,573,embrace,"vt.(많은것을)포함하다,~에걸치다"
23,574,reprimand,"vt.꾸짖다,질책하다,견책[징계]하다"
23,575,sobriety
24,576,assess,"vt.평가하다,감정하다,견적하다.(세금따위를)정하다"
24,577,confidence
24,578,credulous,"a.남의말등을 잘믿는,잘속는,속기쉬운"
24,579,efficient,"a.능력적인,효과가있는,유효한"
24,580,critical
24,581,symptom
24,582,conjecture
24,583,delve,"vi.철저히 조사하다,깊이탐구하다 n.동굴,움푹팬곳"
24,584,boost,"vt.경기를부양하다,선전하다,밀어올리다;가격을올리다;n.후원,격려,(가격등)상승"
24,585,offset
24,586,decimate
24,587,falter,"v.말을더듬다,우물거리다,움찔하다,뒷걸음치다,머뭇거리다"
24,588,abate
24,589,deride,"vt.비웃다,바보취급하다"
24,590,harassing,"a.괴롭히는,귀찮게구는"
24,591,astronomer,n.천문학자
24,592,galvanize,"vt.기운이나게하다,격려하여~하게하다"
24,593,amorphous,"a.무정형의,형태가없는"
24,594,flexible
24,595,salvage,"n.구출,(화재에서의)인명구조;해난구조"
24,596,cramp
24,597,suffocate
24,598,frighten
24,599,tenuous,"a.중요치않은,보잘것없는"
24,600,attenuate,"vt.약화시키다,약하게하다"
25,601,petrify,"vt.돌처럼 굳게하다,석질로만들다"
25,602,paralyze
25,603,enervate,"vt.기력을빼앗다,무기력하게하다"
25,604,faint,"a.(시야.소리.냄새가)희미한,흐린한"
25,605,fatality
25,606,agreeable
25,607,amenable
25,608,amicable,"a.우호적인,평화적인"
25,609,hospitable,"a.손님접대를잘하는,환대하는,친절한"
25,610,docile,"a.온순한,유순한;(사람이)다루기쉬운"
25,611,relentless
25,612,ferocious,"a.사나운,흉포한,잔인한"
25,613,vicious,"a.잔인한,광포한"
25,614,heinous
25,615,malign,"a.해로운,악의가있는,v.헐뜯다,중상하다"
25,616,loathe,"vt.몹시싫어하다,질색하다,혐오하다"
25,617,detest,"vt.혐오하다,몹시싫어하다"
25,618,disdain,"vt.경멸하다,멸시하다"
25,619,deprecate
25,620,ignominious,"a.불명예스러운,수치스러운"
25,621,haughty,"a.오만한,거만한,건방진,불손한"
25,622,pompous
25,623,presumptuous,"a.주제넘은,건방진,뻔뻔스러운"
25,624,officious,"a.참견하기좋아하는,주제넘게나서는"
25,625,blatant
26,626,laconic,"a.간결한,간명한,말수가적은"
26,627,reticent
26,628,abridge,"v.요약하다,단축하다,삭감하다"
26,629,prosaic(al)
26,630,verbose
26,631,dull
26,632,blunt,"a.(칼날등이)무딘,뭉뚝한,(사람이)둔한,퉁명스러운,무뚝뚝한"
26,633,acrimonious,"a.(태도.말등이)통렬한,신랄한,얼얼한"
26,634,laudatory,a.칭찬[찬미]의
26,635,articulate,a.(말.표현등이)명료한
26,636,obliterate
26,637,decipher,"vt.(암호문따위를)해독하다,번역하다;n.(암호문의)번역,해독,판독"
26,638,fatuous,"a.얼빠진,어리석은,바보같은"
26,639,preposterous,"a.앞뒤가뒤바뀐,비상식적인,불합리한"
26,640,vague
26,641,aloof
26,642,lukewarm,"a.미지근한,미온적인,열의가없는,마음이내키지않는"
26,643,fascinate,"vt.매혹하다,반하게하다,황홀하게하다;vi.주의를끌다,매력이있다"
26,644,deliberate,"a.신중한,생각이깊은,사려깊은 v.심사숙고하다"
26,645,sympathy
26,646,pensive,"a.생각에잠긴,곰곰히 생각하는"
26,647,tendency
26,648,bent,"n.기호,성향,성벽,성질,경향,소질,재능"
26,649,prejudice,"n.편견(비호의적)선입관;편애,편파"
26,650,exponent,"n.주창자,옹하자,지지자"
27,651,dissent
27,652,contradict,"vt.부정하다,부인하다,반박하다,항변하다,(사실.진술이)모순되다"
27,653,discrepancy,"n.모순,불일치,앞뒤가어긋남"
27,654,contrary,"n.반대,정반대,a.~에반대되는,~와 서로 용납하지않는;Ad.반대로,거꾸로"
27,655,allude
27,656,profuse
27,657,prosperous
27,658,ample,"a.풍부한,충분한"
27,659,enormous,"a.거대한,막대한,엄청난"
27,660,replicate
27,661,miserly
27,662,impoverished,"a.가난해진,가난한"
27,663,slack,v.(속력이)늘지다(늦추다)
27,664,stagnant
27,665,dearth,"n.기근,식량부족,결핍,부족"
27,666,insolvent,"a.지불불능한,파산(자)의"
27,667,resolve,"v.결심하다,결의하다,의결하다,(문제등)풀다,해결하다,해명하다,;n.결심,결의"
27,668,remuneration,"n.보수,보상,급여"
27,669,allowance,"n.허락,허가,용인;승인,인가,할당량,지급량,배급,수당,용돈"
27,670,bargain,"n.싸게산물건;턱없이쌈,의외로쌈,매매계약,거래;협정,약속;a.헐값의;vt.교환하다"
27,671,prerequisite
27,672,solicit,"vt.간청하다,요청하다,권유하다"
27,673,condone
27,674,console,"vt.위로하다,위문하다,n.(기계.기기등의)제어장치,대형오디오등의 캐비닛"
27,675,extricate,"vt.(위기등에서)구해내다,빼내어주다"
28,676,novice,"n.초심자,신출내기,풋내기"
28,677,adolescence
28,678,burgeoning
28,679,onset,"n.착수,개시"
28,680,evolve,vt.(논리의견계획등을)서서히발전시키다
28,681,raise
28,682,breed,"vt.(새끼를)낳다,(알을)까다,(품종을)만들어내다,개량하다,(불화등)일으키다n.품종"
28,683,spoil,"vt.망치다,상하게하다,못쓰게만들다,응석을받아주다,버릇없이기르다"
28,684,chasten
28,685,penitent
28,686,corrupt,"a.타락한,퇴폐한,부도덕한,사악한;vi.타락시키다,(뇌물로)매수하다"
28,687,sinister,"a.불길한,재수없는,재앙이되는"
28,688,avoid
28,689,abstain,"v.삼가다,절제하다,끊다;기권하다,회피하다"
28,690,succumb
28,691,exalt
28,692,extend
28,693,stimulate
28,694,spur
28,695,vie
28,696,progeny
28,697,inherit
28,698,intrinsic(al)
28,699,demise,"n. 서거,사망,죽음 vt.양도하다, vi.사망하다,유증하다"
28,700,habitat
29,701,congregate,"vt.(~을)많이 모으다,;vi.모이다,집합하다 ,a.모인,집단의,집단적인"
29,702,amalgam
29,703,assimilate
29,704,impervious,"a.(물공기등을)통과시키지않는,불침투성의"
29,705,soaked
29,706,concert,"n.협조,제휴,협력,일치,조화,음악회,연주회;vt.~을계획하다,인출하다"
29,707,holistic
29,708,solidify,"v.굳히다,굳어지다"
29,709,hybrid,"a.잡종의,혼성의"
29,710,ramification
29,711,alienate
29,712,estrangement,"n.야간,불화;소외"
29,713,delegate
29,714,supersede
29,715,irreplaceable,"a.바꿀수없는,대체할수없는"
29,716,perjure
29,717,fake,"vt.위조하다,꾸며내다,날조하다"
29,718,fabrication
29,719,incredible
29,720,pseudonym
29,721,bonafide
29,722,testify,"v.증명[입증]하다,증거가되다"
29,723,verify,"vt.증명[입증]하다,증거를대다"
29,724,verdict,"n.(배심원의)평결;<구어>판정,판단"
29,725,defend
30,726,defect
30,727,blunder,"n.큰실수,터무니없는실책;vi.큰실수(실책)을저지르다.vi(일등을)그르치다"
30,728,collapse,"n.무너짐,붕괴;계획의실패;vi.(계획따위가)좌절되다,실패하다,vt.~을부수다"
30,729,thwart
30,730,frustration
30,731,diagnosis,"n.진찰,진단"
30,732,aftermath
30,733,revision,"n.개정,교정,수정,정정"
30,734,shift
30,735,setback,"n.(진보등의)방해,좌절,패배,실패"
30,736,encounter,"vt.(위험곤란등에)부닥치다,(우연히)만나다,마주치다"
30,737,confront
30,738,revoke
30,739,tentative,"a.시험삼아하는,임시의"
30,740,precaution
30,741,probe
30,742,ransack
30,743,sanction,"n.재가,인가,시인,허용,찬성"
30,744,contingent
30,745,qualify
30,746,incumbent,"a.의무가있는,의무로서 지워지는"
30,747,procrastinate,"v.늑장부리다,꾸물거리다"
30,748,resistant
30,749,strain,"vi.잡아당기다,긴장하다,vt.긴장시키다,무리를하다"
30,750,vain,"a.자만심이강한,허영적인,뽐내는"
31,751,ingenious
31,752,imaginative,"a.상상력이풍부한,상상하기좋아하는"
31,753,conceive
31,754,sagacious,"a.현명한,영리한,슬기로운"
31,755,imply,"vt.암시하다,넌지시 비추다"
31,756,acquaint,"v.정통하게하다,알게하다,알리다"
31,757,nimble
31,758,keen,"a.열심인,열중한,열망하는,열광하는,(칼등이)날카로운,(감각이)예리한"
31,759,vehement
31,760,astound
31,761,disguise
31,762,mock
31,763,grudge,"n.원한,앙심,유감"
31,764,soothe
31,765,defuse,"vt.위기를 해제하다,진정시키다,(폭탄.지뢰의)신관을 제거하다"
31,766,occupation,"n.직업,업무,종사"
31,767,release
31,768,submit,"vt.제출[제시]하다,기탁하다,맡기다"
31,769,infringe
31,770,landmark
31,771,decelerate,"v.속도를줄이다,감속하다"
31,772,stumble,"vi.비틀거리다,비틀거리며걷다"
31,773,impasse
31,774,deadlock,"n.(교섭따의의)막다른상태,교착,정체,v.앞이막히다,꼼짝못하게되다"
31,775,obdurate
32,776,succulent,"a.(과일등이)즙이많은,물기가많은"
32,777,odorous,"a.향기로운,냄새가나는"
32,778,subtle,"a.(지각할수없을정도로)미묘한,미세한"
32,779,delicate
32,780,voracious,"a.게걸스레먹는,대식하는,탐욕적인"
32,781,promulgate
32,782,declare
32,783,proclaim
32,784,claim
32,785,disclaimer
32,786,enunciate
32,787,denounce,"vt.비난하다,탄핵하다,고발하다"
32,788,evince,"vt.명시하다,(감정등)분명히나타내다,밝히다"
32,789,perspicuous,"a.(언어.문제등이)명쾌한,명료한"
32,790,reject
32,791,dissuade,"vt.(설득하여)그만두게하다,단념시키다."
32,792,discord,vi.조화[일치]되지않다;불화하다
32,793,consensus,"n.총의,여론,대다수의의견,(의견등의)일치,합의"
32,794,absolute
32,795,forthright,"a.곧게나아가는,솔직한"
32,796,insinuate
32,797,implicate
32,798,inculcate
32,799,digressive,"a.주제를벗어난,탈선하기쉬운"
32,800,desultory,a.종잡을수 없는;산만한;주제를벗어난
33,801,affliction
33,802,adversity
33,803,mishap
33,804,drudgery,"n.(지루하고따분한)고된일,싫은일"
33,805,grueling,"a.녹초로만드는,기진맥진케하는"
33,806,grievance
33,807,complaint
33,808,disgruntled
33,809,slander,"n.중상,욕설;<법률>구두명예훼손,vt.중상하다,~의 명예를훼손하다"
33,810,derogatory
33,811,terse,"a.(문체,표현이)간결한,간명한"
33,812,garrulous,"a.말많은,수다스러운"
33,813,flippant,"a.경박한,까불까불한,경솔한,(태도등이)무례한"
33,814,fervent,"a.열렬한,강렬한,(감정따위가)격한"
33,815,obtrusive
33,816,indefatigable
33,817,sophisticated
33,818,elaborate,"a.정성들인;잔손질이많이간;정교한,뒤얽힌,복잡한,vi.상세히 말하다"
33,819,corroborate
33,820,innovation,"n.혁신,쇄신,기술혁신"
33,821,beguile
33,822,swindle
33,823,fraud
33,824,tout
33,825,pretext
34,826,insidious,"a.(병등이)잠행성의,교활한,음흉한"
34,827,clandestine,"a.은밀한,암암리의 ,남몰래하는"
34,828,enthralling
34,829,riveting
34,830,lure,"vt.(미끼등으로)유인하다,유혹하다;n.유인하는것"
34,831,propagate
34,832,superfluous
34,833,squander
34,834,widespread
34,835,scarce
34,836,dispense,"vt.분배하다,나누어주다"
34,837,gratis
34,838,fend
34,839,render
34,840,impart
34,841,asset,"n.(pl)자산,재산,유용한 자질,이점,강점"
34,842,bankrupt
34,843,retrieve,"vt.되찾다,회수하다,만회하다,회복하다,구하다,구출하다"
34,844,rehabilitation
34,845,replenish,"vt.다시채우다,보충[보급]하다"
34,846,philanthropic(al)
34,847,puritanical
34,848,benediction,n.축복;(식전.식후의)감사기도
34,849,cultivate,"v.경작하다,재배하다;양식하다"
34,850,predator
35,851,perfidy
35,852,betray
35,853,indignation,"n.(악.부정따위에대한)분개,분노"
35,854,revenge
35,855,atrocity,"n.잔악한행위;흉악,잔악,큰실수,엉망진창의일"
35,856,intrude
35,857,intervene,"vi.중재하다,간섭하다,개입하다"
35,858,meddling,"a.참견하는,간섭하는"
35,859,pugnacious
35,860,eclectic
35,861,exonerate,vt.(혐의등이)무죄임을 입증하다.
35,862,culpable
35,863,reprehensible
35,864,vindicate
35,865,hideous,"a.소름끼치는,섬뜩한,무서운"
35,866,fret
35,867,irksome
35,868,crave,"v.간청하다,갈망하다,(사정등이)~을필요로하다"
35,869,dread
35,870,misgiving,"n.의심,걱정,불안,염려"
35,871,profound,"a.깊은;(사상,학설,책등이)심원한,난해한"
35,872,inscrutable
35,873,meditate,"vi.숙고하다,깊이생각하다"
35,874,ponder
35,875,considering
36,876,emphasize,"vt.강조하다,중시하다,역설하다"
36,877,ultimate
36,878,culminate,"vt.절정(최고조)에이르다,극에이르다,드디어~이되다 ,~으로끝나다"
36,879,nadir,"(절망따위의)밑바닥,구렁텅이"
36,880,lapse,"n.시간의경과,추이"
36,881,discomfit,"vt.계획을 좌절시키다,당황케하다"
36,882,dubious
36,883,subside
36,884,plunge
36,885,commotion
36,886,morbid,"a.무서운,무시무시한"
36,887,bleak,"a.(장래.전망등이)어두운,암울한,적만한쓸쓸한,황량한,(날씨바람등이)차가운"
36,888,derelict
36,889,ravage
36,890,invade
36,891,ordinary
36,892,extraordinary
36,893,erratic
36,894,bizarre,"a.별난;기묘한,이상한,기괴한"
36,895,characteristic
36,896,sloth
36,897,retard
36,898,prompt,"a.재빠른,신속한,기민한"
36,899,makeshift
36,900,extemporize
37,901,criterion
37,902,milestone
37,903,momentous,"a.(결정.사건,변화등이)중대한,중요한"
37,904,pivotal,"a.중추적인,중요한"
37,905,marginal,"a.주변적인,별로중요하지않은"
37,906,ornament
37,907,adorn
37,908,artificial,"a.인조의,인위적인,부자연스런,가짜의,모조의"
37,909,vulgar
37,910,urbane,"a.도시풍의,품위있는,세련된,예의바른"
37,911,affiliation,"n.합병,제휴"
37,912,conglomerate
37,913,ambience,"n.분위기,환경,주위,외계"
37,914,adjacent,"a.인접한,이웃의,진적의,직후의"
37,915,parallel
37,916,cluster,"vt.밀집시키다,떼짓게하다,vi(벌따위가)떼짓다,밀집하다;n.(꽃.과일등)송이,다발,"
37,917,shrink
37,918,elastic,"a.탄력있는,신축성이있는,휘기쉬운"
37,919,dilate,"vt.넓히다,팽창시키다;vi.넓어지다,팽창하다"
37,920,longevity,"n.장수,수명"
37,921,buttress,"vt.(사람.계획등을)지지하다,(주장을)~으로강화하다,;n.버팀벽,지지"
37,922,underpin
37,923,unwieldy
37,924,harness,"vt.[자연을]동력화하다,이용하다"
37,925,manipulate
38,926,authenticate,"v.입증하다,확증을세우다"
38,927,attest
38,928,circumspect,"a.신중한,용의주도한,치밀한"
38,929,overhaul,vt.<구어>철저히[자세히]조사하다
38,930,debunk
38,931,sedative,n.진정제
38,932,placid,"a.(바다날씨등이)평온한,잔잔한,(성격이)조용한,차분한"
38,933,equanimity,"n.(마음의)평정,침착,태연"
38,934,hypnosis,n.최면상태;최면술
38,935,mess
38,936,inclination
38,937,dedicate
38,938,engross,"vt.~에 열중하게하다,몰두시키다,(수동형으로)~에몰두하다"
38,939,indulgent
38,940,recourse
38,941,prerogative,"n.특권,특전,대권"
38,942,abrogate,"v.(공식적으로)폐지하다,폐기하다"
38,943,repeal,"vt.(법률등을)무효로하다,폐지[폐기]하다"
38,944,nullify,vt.(법적으로)무효로하다
38,945,dissipate,"vt.(구름안개등을)흩뜨리다,(시간재산등을)낭비하다;vi(구름따위가)흩어져사라지다"
38,946,tenet,"n.교외,주의,신조"
38,947,paradox
38,948,consecutive,"a.논리가 일관된,앞뒤가맞는,연속적인,계속되는"
38,949,entail,"vt.(필연적인결과로서)일으키다,수반하다"
38,950,subordinate
39,951,archaic,"a.고대의;오래된,낡은;고풍의"
39,952,crude,"a.조잡한,거친,버릇없는"
39,953,stark
39,954,banal,"a.진부한,상투적인"
39,955,specious
39,956,congenital
39,957,germane,"a.밀접한 관계가있는,적절한"
39,958,nascent,"a.발생하려고하는,초기의"
39,959,embark,"vi.착수하다,종사하다"
39,960,embargo
39,961,advent
39,962,advance
39,963,due
39,964,foresee
39,965,biennially
39,966,exemplary,"a.본이되는,모범적인,전형적인,경고가되는"
39,967,esthetic,"a.미의;심미적인,미적감각이있는"
39,968,grim
39,969,callous,"a.무감각한,냉정한,냉담한,(피부가)굳어진,못박힌"
39,970,intimate,"v.암시하다,넌지시알리다"
39,971,subsistence
39,972,provisional
39,973,incidental
39,974,nocturnal,"a.밤의,야간의,야행성의"
39,975,automation,"n.자동화,자동제어 기계"
40,976,duplicate
40,977,resemblance
40,978,extract,"vt.(이등을)뽑다,뽑아내다,(정보돈따위를)억지로 얻어내다."
40,979,extort
40,980,subscribe
40,981,fortitude
40,982,portent
40,983,advocate
40,984,relegate,"vt.내쫒다,추방하다,좌천시키다."
40,985,incessantly,"Ad.끊임없이,쉴새 없이"
40,986,clumsy
40,987,plague
40,988,panacea,n.만병통치약
40,989,unravel
40,990,circumscribe
40,991,apparel,"n.(집합적)의류;옷(특히겉옷),의상,외관모습"
40,992,conceit,"n.자부심,자만심,상상,즉흥적인생각;vt.우쭐대다,vi생각하다"
40,993,insulated
40,994,flaw,"n.(성격의)결점,약점,결함"
40,995,anthropology,"n.인류학,문화인류학"
40,996,sibling,"n.(양친또는부모한쪽이같은)형제,자매"
40,997,sheer,"a.완전한,순전한,순수한"
40,998,soar
40,999,amenity,"n.생활을 즐겁게해주는것,오락시설,기분좋음,쾌적함,상냥함"
40,1000,euthanasia,n.안락사
